[
  {
    "value": "mobility",
    "synonyms": [
      "mobility",
      "erasmus",
      "erasmus+",
      "study abroad",
      "work abroad",
      "internship abroad"
    ]
  },
  {
    "value": "language courses",
    "synonyms": [
      "language courses",
      "study a language",
      "learn a language",
      "spanish courses"
    ]
  },
  {
    "value": "accomodation",
    "synonyms": [
      "accomodation",
      "living place",
      "housing",
      "appartment",
      "house"
    ]
  }
]