[
  {
    "id": "0e5f00da-34d5-4ea3-aa55-687ce4e5abba",
    "data": [
      {
        "text": "I want to make an appointment",
        "userDefined": false
      }
    ],
    "isTemplate": false,
    "count": 1,
    "updated": 0
  },
  {
    "id": "a26bd071-8d33-40b7-b385-ed40554e2bda",
    "data": [
      {
        "text": "Make an appointment",
        "userDefined": false
      }
    ],
    "isTemplate": false,
    "count": 2,
    "updated": 0
  },
  {
    "id": "cbc59ebf-d9e0-4bb2-b90c-bad77b045491",
    "data": [
      {
        "text": "8th of April",
        "alias": "date",
        "meta": "@sys.date",
        "userDefined": false
      },
      {
        "text": " or ",
        "userDefined": false
      },
      {
        "text": "2020",
        "alias": "time",
        "meta": "@sys.time",
        "userDefined": false
      }
    ],
    "isTemplate": false,
    "count": 0,
    "updated": 0
  },
  {
    "id": "30d1775d-f8f4-498c-9534-86ab16837d24",
    "data": [
      {
        "text": "11:30 am",
        "alias": "time",
        "meta": "@sys.time",
        "userDefined": false
      }
    ],
    "isTemplate": false,
    "count": 1,
    "updated": 0
  },
  {
    "id": "d1bfe61c-17d1-4707-95ff-f5b5f9e21eb3",
    "data": [
      {
        "text": "I need an ",
        "userDefined": false
      },
      {
        "text": "apartment",
        "alias": "topic",
        "meta": "@TOPIC",
        "userDefined": false
      }
    ],
    "isTemplate": false,
    "count": 0,
    "updated": 0
  },
  {
    "id": "6d217fa6-5712-4230-b7f5-d51f7fd4df1c",
    "data": [
      {
        "text": "At 10:30",
        "alias": "time",
        "meta": "@sys.time",
        "userDefined": false
      }
    ],
    "isTemplate": false,
    "count": 0,
    "updated": 0
  },
  {
    "id": "13d0abf6-8bb0-47d9-8928-bf759786bb17",
    "data": [
      {
        "text": "Need an ",
        "userDefined": false
      },
      {
        "text": "apartment",
        "alias": "topic",
        "meta": "@TOPIC",
        "userDefined": false
      }
    ],
    "isTemplate": false,
    "count": 0,
    "updated": 0
  },
  {
    "id": "c0b08085-d59a-4252-99b1-921c7a555bc4",
    "data": [
      {
        "text": "Today",
        "alias": "date",
        "meta": "@sys.date",
        "userDefined": true
      },
      {
        "text": " at ",
        "userDefined": false
      },
      {
        "text": "13:00",
        "alias": "time",
        "meta": "@sys.time",
        "userDefined": true
      }
    ],
    "isTemplate": false,
    "count": 0,
    "updated": 0
  },
  {
    "id": "5fc21afc-cc34-487a-88a7-c1f3045c013d",
    "data": [
      {
        "text": "Make an appointment for ",
        "userDefined": false
      },
      {
        "text": "today",
        "alias": "date",
        "meta": "@sys.date",
        "userDefined": false
      },
      {
        "text": " at ",
        "userDefined": false
      },
      {
        "text": "13:00",
        "alias": "time",
        "meta": "@sys.time",
        "userDefined": false
      }
    ],
    "isTemplate": false,
    "count": 0,
    "updated": 0
  },
  {
    "id": "834b83d6-d364-4ca7-b1a6-247cbcc4c72d",
    "data": [
      {
        "text": "Language courses",
        "alias": "topic",
        "meta": "@TOPIC",
        "userDefined": false
      }
    ],
    "isTemplate": false,
    "count": 0,
    "updated": 0
  },
  {
    "id": "db311b9e-7e13-422f-9779-55d1e3773624",
    "data": [
      {
        "text": "make an appointment to talk about ",
        "userDefined": false
      },
      {
        "text": "erasmus",
        "alias": "topic",
        "meta": "@TOPIC",
        "userDefined": false
      }
    ],
    "isTemplate": false,
    "count": 1,
    "updated": 0
  },
  {
    "id": "911b0a02-5aa9-4d4b-8b46-4905a0e917dc",
    "data": [
      {
        "text": "the 5th of April of 2020",
        "alias": "date",
        "meta": "@sys.date",
        "userDefined": false
      }
    ],
    "isTemplate": false,
    "count": 1,
    "updated": 0
  },
  {
    "id": "b6ca7a4a-06fe-470c-8c8d-219fded97d06",
    "data": [
      {
        "text": "the 6th of April",
        "alias": "date",
        "meta": "@sys.date",
        "userDefined": false
      }
    ],
    "isTemplate": false,
    "count": 1,
    "updated": 0
  },
  {
    "id": "7ae01c55-d440-46b8-a28b-66a46084974d",
    "data": [
      {
        "text": "make appointment",
        "userDefined": false
      }
    ],
    "isTemplate": false,
    "count": 1,
    "updated": 0
  },
  {
    "id": "684b1c9f-45b3-4adb-875c-8bd6d8029977",
    "data": [
      {
        "text": "erasmus",
        "alias": "topic",
        "meta": "@TOPIC",
        "userDefined": false
      }
    ],
    "isTemplate": false,
    "count": 1,
    "updated": 0
  },
  {
    "id": "b419fc34-1e18-4f2f-869e-7b16d61050bf",
    "data": [
      {
        "text": "tomorrow",
        "alias": "date",
        "meta": "@sys.date",
        "userDefined": false
      },
      {
        "text": " at ",
        "userDefined": false
      },
      {
        "text": "9:30 pm",
        "alias": "time",
        "meta": "@sys.time",
        "userDefined": false
      }
    ],
    "isTemplate": false,
    "count": 1,
    "updated": 0
  },
  {
    "id": "b81dc03f-19d6-4439-830b-a3bfc2d920ec",
    "data": [
      {
        "text": "make appointment to talk about ",
        "userDefined": false
      },
      {
        "text": "erasmus",
        "alias": "topic",
        "meta": "@TOPIC",
        "userDefined": false
      }
    ],
    "isTemplate": false,
    "count": 1,
    "updated": 0
  },
  {
    "id": "fb801419-a09d-4d37-a2d5-d68d62585073",
    "data": [
      {
        "text": "tomorrow",
        "alias": "date-time",
        "meta": "@sys.date-time",
        "userDefined": false
      }
    ],
    "isTemplate": false,
    "count": 1,
    "updated": 0
  },
  {
    "id": "71315c34-29ca-472d-83e4-7d58ea1178b7",
    "data": [
      {
        "text": "10:00 am",
        "alias": "time",
        "meta": "@sys.time",
        "userDefined": false
      }
    ],
    "isTemplate": false,
    "count": 1,
    "updated": 0
  },
  {
    "id": "1dc3dd87-45d6-4136-bada-8f8233641921",
    "data": [
      {
        "text": "make an appointment for ",
        "userDefined": false
      },
      {
        "text": "tomorrow",
        "alias": "date",
        "meta": "@sys.date",
        "userDefined": false
      },
      {
        "text": " at !",
        "userDefined": false
      },
      {
        "text": "7:30",
        "alias": "time",
        "meta": "@sys.time",
        "userDefined": false
      },
      {
        "text": " to talk about ",
        "userDefined": false
      },
      {
        "text": "erasmus",
        "alias": "topic",
        "meta": "@TOPIC",
        "userDefined": false
      }
    ],
    "isTemplate": false,
    "count": 1,
    "updated": 0
  },
  {
    "id": "8bd27ef3-6d1a-4467-9c13-6213a01a00ed",
    "data": [
      {
        "text": "make an appointment for ",
        "userDefined": false
      },
      {
        "text": "tomorrow",
        "alias": "date",
        "meta": "@sys.date",
        "userDefined": false
      },
      {
        "text": " at ",
        "userDefined": false
      },
      {
        "text": "17:30",
        "alias": "time",
        "meta": "@sys.time",
        "userDefined": false
      },
      {
        "text": " to talk about ",
        "userDefined": false
      },
      {
        "text": "erasmus",
        "alias": "topic",
        "meta": "@TOPIC",
        "userDefined": false
      }
    ],
    "isTemplate": false,
    "count": 0,
    "updated": 0
  },
  {
    "id": "009fb84d-48c0-408d-94b8-69806d7a3f79",
    "data": [
      {
        "text": "make an appointment",
        "userDefined": false
      }
    ],
    "isTemplate": false,
    "count": 1,
    "updated": 0
  },
  {
    "id": "c80b2082-883e-4021-8818-f4df1114b93c",
    "data": [
      {
        "text": "make appointment for tomorrow",
        "userDefined": false
      }
    ],
    "isTemplate": false,
    "count": 0,
    "updated": 0
  },
  {
    "id": "857bbc66-097e-43a7-8412-96133d4c2f20",
    "data": [
      {
        "text": "Make an appointment to talk about ",
        "userDefined": false
      },
      {
        "text": "Erasmus",
        "alias": "topic",
        "meta": "@TOPIC",
        "userDefined": false
      },
      {
        "text": " studies",
        "userDefined": false
      }
    ],
    "isTemplate": false,
    "count": 0,
    "updated": 0
  },
  {
    "id": "3b054e34-87b8-41a5-bb19-b47e35e50afd",
    "data": [
      {
        "text": "Make an appointment for ",
        "userDefined": false
      },
      {
        "text": "tomorrow",
        "alias": "date",
        "meta": "@sys.date",
        "userDefined": false
      },
      {
        "text": " at ",
        "userDefined": false
      },
      {
        "text": "23:00",
        "alias": "time",
        "meta": "@sys.time",
        "userDefined": false
      }
    ],
    "isTemplate": false,
    "count": 0,
    "updated": 0
  },
  {
    "id": "97559003-ca80-4607-a386-693e54afd8c7",
    "data": [
      {
        "text": "make appointment for the ",
        "userDefined": false
      },
      {
        "text": "2/04/2020",
        "alias": "date",
        "meta": "@sys.date",
        "userDefined": false
      },
      {
        "text": " at ",
        "userDefined": false
      },
      {
        "text": "17:30",
        "alias": "time",
        "meta": "@sys.time",
        "userDefined": false
      },
      {
        "text": " to talk about ",
        "userDefined": false
      },
      {
        "text": "language courses",
        "alias": "topic",
        "meta": "@TOPIC",
        "userDefined": false
      }
    ],
    "isTemplate": false,
    "count": 0,
    "updated": 0
  },
  {
    "id": "7e4baf69-e27a-4906-b8ef-6286d0e9b2b3",
    "data": [
      {
        "text": "I want to make an appointment for the ",
        "userDefined": false
      },
      {
        "text": "11th of June",
        "alias": "date",
        "meta": "@sys.date",
        "userDefined": false
      }
    ],
    "isTemplate": false,
    "count": 0,
    "updated": 0
  },
  {
    "id": "a465a22f-e259-4422-80c9-f2833518e134",
    "data": [
      {
        "text": "i would like to make an appointment to discuss ",
        "userDefined": false
      },
      {
        "text": "erasmus",
        "alias": "topic",
        "meta": "@TOPIC",
        "userDefined": true
      },
      {
        "text": " studies",
        "userDefined": false
      }
    ],
    "isTemplate": false,
    "count": 0,
    "updated": 0
  },
  {
    "id": "c1f3ea2f-1950-4447-ad17-b21246468444",
    "data": [
      {
        "text": "i want to make an appointment for ",
        "userDefined": false
      },
      {
        "text": "next monday",
        "alias": "date",
        "meta": "@sys.date",
        "userDefined": true
      },
      {
        "text": " at ",
        "userDefined": false
      },
      {
        "text": "9 o\u0027clock",
        "alias": "time",
        "meta": "@sys.time",
        "userDefined": true
      }
    ],
    "isTemplate": false,
    "count": 0,
    "updated": 0
  },
  {
    "id": "f5613c9b-979d-4439-a834-d6fd37c135cc",
    "data": [
      {
        "text": "i would like to make an appointment",
        "userDefined": false
      }
    ],
    "isTemplate": false,
    "count": 0,
    "updated": 0
  },
  {
    "id": "cc791cb9-e1c3-43ac-9e41-0b1e16dfc45f",
    "data": [
      {
        "text": "can i make an appointment ?",
        "userDefined": false
      }
    ],
    "isTemplate": false,
    "count": 0,
    "updated": 0
  },
  {
    "id": "9e20d6c3-61df-4354-8e5e-94865e3e5720",
    "data": [
      {
        "text": "i want to make an appointment",
        "userDefined": false
      }
    ],
    "isTemplate": false,
    "count": 0,
    "updated": 0
  }
]