[
  {
    "id": "2a248c56-d848-4897-a25a-00a51445cc33",
    "data": [
      {
        "text": "go back",
        "userDefined": false
      }
    ],
    "isTemplate": false,
    "count": 0,
    "updated": 0
  },
  {
    "id": "cdaeaea0-97df-44b8-b9aa-1db6f69223f6",
    "data": [
      {
        "text": "i want to cancel",
        "userDefined": false
      }
    ],
    "isTemplate": false,
    "count": 0,
    "updated": 0
  },
  {
    "id": "2a943af5-9f75-41f2-952c-41200e976a08",
    "data": [
      {
        "text": "abort",
        "userDefined": false
      }
    ],
    "isTemplate": false,
    "count": 0,
    "updated": 0
  },
  {
    "id": "6284b321-9fc6-4237-b964-a89372f40c1b",
    "data": [
      {
        "text": "exit",
        "userDefined": false
      }
    ],
    "isTemplate": false,
    "count": 0,
    "updated": 0
  },
  {
    "id": "31739c49-3e2e-49f7-8a42-05b701df39f7",
    "data": [
      {
        "text": "cancel it",
        "userDefined": false
      }
    ],
    "isTemplate": false,
    "count": 0,
    "updated": 0
  },
  {
    "id": "c80c1ce9-01f6-4660-a867-d252bf5400df",
    "data": [
      {
        "text": "cancel",
        "userDefined": false
      }
    ],
    "isTemplate": false,
    "count": 0,
    "updated": 0
  }
]