[
  {
    "id": "4ddbfe6b-ba46-4731-9114-10172e34078b",
    "data": [
      {
        "text": "What is the office address?",
        "userDefined": false
      }
    ],
    "isTemplate": false,
    "count": 1,
    "updated": 0
  },
  {
    "id": "5588dbd5-2bcd-4a38-a469-4820f630162a",
    "data": [
      {
        "text": "What is the schedule of the International Relationships office?",
        "userDefined": false
      }
    ],
    "isTemplate": false,
    "count": 1,
    "updated": 0
  },
  {
    "id": "3341465e-fab7-44fb-9be9-7b69eeec8fa0",
    "data": [
      {
        "text": "Do you have some contact info?",
        "userDefined": false
      }
    ],
    "isTemplate": false,
    "count": 0,
    "updated": 0
  },
  {
    "id": "14696fc4-86a5-4e84-8fea-d9fb4484c673",
    "data": [
      {
        "text": "when is the office opened?",
        "userDefined": false
      }
    ],
    "isTemplate": false,
    "count": 0,
    "updated": 0
  },
  {
    "id": "66925aad-d0b3-400b-b164-49dd431fb337",
    "data": [
      {
        "text": "where is the office?",
        "userDefined": false
      }
    ],
    "isTemplate": false,
    "count": 0,
    "updated": 0
  },
  {
    "id": "80c13af9-0b47-428d-ab9d-a661056c0344",
    "data": [
      {
        "text": "what is the address of the international relationships office ?",
        "userDefined": false
      }
    ],
    "isTemplate": false,
    "count": 0,
    "updated": 0
  },
  {
    "id": "f2ecad33-3bd4-41f3-ba15-9cbec47598ec",
    "data": [
      {
        "text": "can you give me the contact information?",
        "userDefined": false
      }
    ],
    "isTemplate": false,
    "count": 0,
    "updated": 0
  },
  {
    "id": "847aa03a-a624-481f-8e15-d462a9442685",
    "data": [
      {
        "text": "what are the office hours?",
        "userDefined": false
      }
    ],
    "isTemplate": false,
    "count": 0,
    "updated": 0
  },
  {
    "id": "0bf34ec7-e0bc-4be6-9b1d-017587f9eb44",
    "data": [
      {
        "text": "contact information",
        "userDefined": false
      }
    ],
    "isTemplate": false,
    "count": 0,
    "updated": 0
  },
  {
    "id": "ef739a5b-8928-426a-870b-ecea4f7b492a",
    "data": [
      {
        "text": "office schedule",
        "userDefined": false
      }
    ],
    "isTemplate": false,
    "count": 0,
    "updated": 0
  },
  {
    "id": "ccd3fd12-38ca-4f2d-98ff-8414888a7067",
    "data": [
      {
        "text": "office contact",
        "userDefined": false
      }
    ],
    "isTemplate": false,
    "count": 0,
    "updated": 0
  },
  {
    "id": "8aeb8af0-bbb3-4028-ace3-27eef1918add",
    "data": [
      {
        "text": "office telephone number",
        "userDefined": false
      }
    ],
    "isTemplate": false,
    "count": 0,
    "updated": 0
  },
  {
    "id": "2319e941-c3fc-4a17-9f2f-6abdb4e01953",
    "data": [
      {
        "text": "office email",
        "userDefined": false
      }
    ],
    "isTemplate": false,
    "count": 0,
    "updated": 0
  },
  {
    "id": "fa7d5d4f-5de7-45f9-8303-bacf52888303",
    "data": [
      {
        "text": "office address",
        "userDefined": false
      }
    ],
    "isTemplate": false,
    "count": 0,
    "updated": 0
  },
  {
    "id": "18e14e5f-21dd-4375-a631-fe879b93a1f8",
    "data": [
      {
        "text": "office hours",
        "userDefined": false
      }
    ],
    "isTemplate": false,
    "count": 0,
    "updated": 0
  }
]