[
  {
    "id": "f10fd7e1-4857-4ae4-84c5-d133dd90258b",
    "data": [
      {
        "text": "Can I study in English at the UVa?",
        "userDefined": false
      }
    ],
    "isTemplate": false,
    "count": 1,
    "updated": 0
  },
  {
    "id": "2d37e8ed-20f9-4ab9-9fd0-5f975b7076fa",
    "data": [
      {
        "text": "Can I study in English?",
        "userDefined": false
      }
    ],
    "isTemplate": false,
    "count": 4,
    "updated": 0
  },
  {
    "id": "eb6346d0-2ba3-4f5c-bba9-a69ba258891c",
    "data": [
      {
        "text": "Can I study in English at the University of Valladolid?",
        "userDefined": false
      }
    ],
    "isTemplate": false,
    "count": 1,
    "updated": 0
  },
  {
    "id": "ee2abd2e-8d86-4b9d-b4fb-0e94de744117",
    "data": [
      {
        "text": "Thanks",
        "userDefined": false
      }
    ],
    "isTemplate": false,
    "count": 3,
    "updated": 0
  },
  {
    "id": "e7910b38-7969-440f-a0f7-21afdc3d2411",
    "data": [
      {
        "text": "Great!",
        "userDefined": false
      }
    ],
    "isTemplate": false,
    "count": 2,
    "updated": 0
  },
  {
    "id": "08b7b484-c969-4331-a916-c8adf653f85e",
    "data": [
      {
        "text": "What can I do if I don\u0027t have my student card yet?",
        "userDefined": false
      }
    ],
    "isTemplate": false,
    "count": 1,
    "updated": 0
  },
  {
    "id": "910416f7-c7ef-4732-b2f9-c966a4487b8a",
    "data": [
      {
        "text": "What level of Spanish do I need?",
        "userDefined": false
      }
    ],
    "isTemplate": false,
    "count": 2,
    "updated": 0
  },
  {
    "id": "732a2c40-4b11-4c0d-8d62-6a8f9e3974d3",
    "data": [
      {
        "text": "What courses can I take?",
        "userDefined": false
      }
    ],
    "isTemplate": false,
    "count": 1,
    "updated": 0
  },
  {
    "id": "6a4ce9b0-3257-41ee-91c1-c5293699f9e7",
    "data": [
      {
        "text": "Can I take undergraduate courses if I am a Master student??",
        "userDefined": false
      }
    ],
    "isTemplate": false,
    "count": 1,
    "updated": 0
  },
  {
    "id": "3e05b8fa-e722-4ddc-9972-dc8c71d0e417",
    "data": [
      {
        "text": "How can I extend my stay ?",
        "userDefined": false
      }
    ],
    "isTemplate": false,
    "count": 1,
    "updated": 0
  },
  {
    "id": "faffd13f-54c9-4774-88aa-9155c8782894",
    "data": [
      {
        "text": "When do I have to send my learning Agreement?",
        "userDefined": false
      }
    ],
    "isTemplate": false,
    "count": 1,
    "updated": 0
  },
  {
    "id": "8da297f5-50b8-4f5f-90f2-ec7b48edf4e7",
    "data": [
      {
        "text": "When are the exams?",
        "userDefined": false
      }
    ],
    "isTemplate": false,
    "count": 1,
    "updated": 0
  },
  {
    "id": "d148d8ea-7051-445c-90a7-17c22b64d37a",
    "data": [
      {
        "text": "When are the exams in the University of Valladolid?",
        "userDefined": false
      }
    ],
    "isTemplate": false,
    "count": 1,
    "updated": 0
  },
  {
    "id": "3ea8b63f-b38a-4faf-987c-b42fdc2aabfa",
    "data": [
      {
        "text": "How can I improve an exam grade?",
        "userDefined": false
      }
    ],
    "isTemplate": false,
    "count": 1,
    "updated": 0
  },
  {
    "id": "fa7a850a-04e4-4bbe-98e7-d9b9e3f0e346",
    "data": [
      {
        "text": "Bye",
        "userDefined": false
      }
    ],
    "isTemplate": false,
    "count": 2,
    "updated": 0
  },
  {
    "id": "1d6ac571-d6d6-4b73-be4c-86cf149430ed",
    "data": [
      {
        "text": "😊",
        "userDefined": false
      }
    ],
    "isTemplate": false,
    "count": 1,
    "updated": 0
  },
  {
    "id": "827e7756-78a1-4901-a386-777ee3599f51",
    "data": [
      {
        "text": "You there?",
        "userDefined": false
      }
    ],
    "isTemplate": false,
    "count": 0,
    "updated": 0
  }
]