[
  {
    "id": "16e07f39-5ba0-4be8-bc0a-551e233cbe2e",
    "data": [
      {
        "text": "Help",
        "userDefined": false
      }
    ],
    "isTemplate": false,
    "count": 2,
    "updated": 0
  },
  {
    "id": "fe91239b-c7e9-429c-b5ef-6073e04a530b",
    "data": [
      {
        "text": "I need help",
        "userDefined": false
      }
    ],
    "isTemplate": false,
    "count": 0,
    "updated": 0
  },
  {
    "id": "cc2bbb96-bd5f-4094-9dfb-e0c0b463a14e",
    "data": [
      {
        "text": "I need some help",
        "userDefined": false
      }
    ],
    "isTemplate": false,
    "count": 0,
    "updated": 0
  },
  {
    "id": "41c6a472-9b49-4cc6-8718-a9e2b9d44a74",
    "data": [
      {
        "text": "can you give a hand here?",
        "userDefined": false
      }
    ],
    "isTemplate": false,
    "count": 0,
    "updated": 0
  },
  {
    "id": "5035d81f-2fab-493f-bdca-697176f90cb9",
    "data": [
      {
        "text": "i don\u0027t know what to do",
        "userDefined": false
      }
    ],
    "isTemplate": false,
    "count": 0,
    "updated": 0
  },
  {
    "id": "bbc10a99-328b-4411-bb57-54cb50d0d2c7",
    "data": [
      {
        "text": "any help ?",
        "userDefined": false
      }
    ],
    "isTemplate": false,
    "count": 0,
    "updated": 0
  },
  {
    "id": "9d28e2b6-d3a3-499b-8da2-73119f2c0bdd",
    "data": [
      {
        "text": "can you help me?",
        "userDefined": false
      }
    ],
    "isTemplate": false,
    "count": 0,
    "updated": 0
  },
  {
    "id": "ac680646-2fc8-4cea-819b-5989bc0400b9",
    "data": [
      {
        "text": "help me",
        "userDefined": false
      }
    ],
    "isTemplate": false,
    "count": 0,
    "updated": 0
  },
  {
    "id": "15870398-1296-49ac-af5b-105230a2f9e6",
    "data": [
      {
        "text": "help",
        "userDefined": false
      }
    ],
    "isTemplate": false,
    "count": 0,
    "updated": 0
  },
  {
    "id": "a1d59d30-4afe-4545-afa9-72aa58abe7b0",
    "data": [
      {
        "text": "what can you do?",
        "userDefined": false
      }
    ],
    "isTemplate": false,
    "count": 0,
    "updated": 0
  },
  {
    "id": "d7c752b5-5334-4edb-ae72-c8e32b975e13",
    "data": [
      {
        "text": "how do you work?",
        "userDefined": false
      }
    ],
    "isTemplate": false,
    "count": 0,
    "updated": 0
  },
  {
    "id": "eb3ed581-e54a-4297-9e14-9ad7abacfc3d",
    "data": [
      {
        "text": "i need help",
        "userDefined": false
      }
    ],
    "isTemplate": false,
    "count": 0,
    "updated": 0
  }
]